index,X,Y
0,-0.09212668869869114,51.51482367322199
1,0.13946994613311187,51.58824152939245
2,0.13975396685161656,51.573063003088926
3,0.17684136742481638,51.55544554166517
4,0.14330926561685997,51.5614142082417
5,0.1573631055191595,51.558094860392636
6,0.13532005548211418,51.552641592465946
7,0.11835764614606677,51.55156618044046
8,0.14642021103851843,51.54874492536753
9,0.17089384040507832,51.54341837097596
10,0.09881328687846407,51.54415382518624
11,0.12243188019013973,51.54338188504651
12,0.1440395025529112,51.54029514766591
13,0.16251550096118728,51.53701398337495
14,0.07636487988917652,51.53926323966663
15,0.08711940203341079,51.540464119426346
16,0.11176898625975956,51.538572128580235
17,0.1345837962050209,51.52878055075098
18,0.10748134381058334,51.51879518355614
19,0.15368144723171384,51.52456096629669
20,0.08136645711522097,51.531651586380754
21,0.11269888358751359,51.527853360333424
22,-0.20276040447440535,51.65804490073673
23,-0.1803618559978158,51.655141759702175
24,-0.15594282234821677,51.647869412794456
25,-0.20195070810613933,51.643204140902704
26,-0.17834975113111284,51.64619979907509
27,-0.16247577939184882,51.64248127225163
28,-0.22775017082459248,51.63840471920391
29,-0.17385050710708266,51.63275837152768
30,-0.139877530129581,51.631413396579674
31,-0.14882744767835154,51.626359175187105
32,-0.16577382030321136,51.62264857963927
33,-0.18305797792130882,51.620876012155854
34,-0.2632130216989919,51.62307536433428
35,-0.2841151382798462,51.628687161604624
36,-0.15510961474155777,51.615464404889686
37,-0.24112756203398486,51.6133088576356
38,-0.21785308005582715,51.61723944218814
39,-0.2726037349028933,51.61348590968931
40,-0.17792392812501198,51.611791311203994
41,-0.19376189885940007,51.613974135781476
42,-0.25392083796135667,51.61023621495178
43,-0.14933472306349607,51.604859618088916
44,-0.1902445837438364,51.6015260616563
45,-0.2622874928404798,51.60268361192195
46,-0.21859683892704093,51.60246612145833
47,-0.24621526969865876,51.60217459739545
48,-0.1722138593289309,51.602482348814604
49,-0.19944868326908582,51.59414180774687
50,-0.1628328205013429,51.58946115557396
51,-0.24653467124046916,51.59337025608028
52,-0.22316834647713307,51.595660041334725
53,-0.22383858232445816,51.58781965456683
54,-0.17783455171005685,51.58126820187762
55,-0.21871483806471215,51.58071779747332
56,-0.19499046328955655,51.583024318337614
57,-0.2438087932747196,51.578606026779724
58,-0.20912203045956498,51.578992591299425
59,-0.19528556042703019,51.569886150325594
60,-0.2219231370285506,51.56952586152186
61,-0.2111552171745433,51.56615935582621
62,-0.20293776315982365,51.558319984747015
63,0.13616771109542056,51.503007959274356
64,0.1277747207881473,51.492239891372606
65,0.15736265321086648,51.49746671977064
66,0.16470317716215366,51.49477998520302
67,0.15994852720204428,51.482679062523914
68,0.13391275667730448,51.48155152527025
69,0.1560919993839315,51.47439257845589
70,0.19766584646570454,51.47150538317122
71,0.12709219552525497,51.471991461315746
72,0.17728158090194238,51.46883176141677
73,0.1439711013937587,51.46729647391475
74,0.11441327834401535,51.467713992922434
75,0.16742308830046276,51.46546388788135
76,0.13996146554497887,51.45871696225444
77,0.10513700902507668,51.45950394111508
78,0.159628869065918,51.45619670674209
79,0.08953427873186552,51.45862029924255
80,0.1817606969325786,51.45262502898809
81,0.12764899967184715,51.45270951590255
82,0.11038331095521638,51.44844035616887
83,0.09919849984926596,51.44049133291827
84,0.15210895838239352,51.44117942099234
85,0.12287949156640424,51.438627467760384
86,0.08595362015011393,51.43666024825466
87,0.09711568235678085,51.43025167836459
88,0.11103262041532526,51.42537973030069
89,0.13654201134282626,51.422731286097964
90,-0.2746672854374107,51.59340001656563
91,-0.2596163279774847,51.58834691096346
92,-0.27045387196482973,51.58476317843661
93,-0.3036827383947786,51.58050248154117
94,-0.2640383251767221,51.57674670514062
95,-0.2845134087064985,51.57425352738735
96,-0.30145846769946777,51.569291146296
97,-0.3181832108398395,51.573419102094384
98,-0.2697726269354234,51.566421756317624
99,-0.2512627660676568,51.56637641594507
100,-0.23442545456873218,51.56360221614763
101,-0.290603929311556,51.564127264036436
102,-0.3129679065645887,51.559604083108724
103,-0.2506812697967903,51.55751595213736
104,-0.2203622042450589,51.55560257018719
105,-0.3251684319490757,51.55718887055112
106,-0.277185255130573,51.55592953418346
107,-0.23178049179052476,51.553121089036196
108,-0.3047642362355396,51.5516160531971
109,-0.29260503132632226,51.553855428835114
110,-0.2617193247126885,51.55056710549833
111,-0.22873957815255763,51.54676750303738
112,-0.21204357722447875,51.54626980655343
113,-0.2376670268049262,51.544566346962284
114,-0.2499484659198614,51.54477286125449
115,-0.2879395579845231,51.5437488818568
116,-0.2698607716555665,51.53706406800423
117,-0.20031487554282162,51.540180957366935
118,-0.3002580734173629,51.5403415400435
119,-0.22044024324856423,51.54072103178999
120,-0.24573123090249682,51.53630926289512
121,-0.21108589712614267,51.53517165432857
122,-0.22889280255608416,51.533318215709016
123,-0.19677521225308767,51.5331308507409
124,0.04716892550346894,51.428662808642585
125,0.07310009509982338,51.4234349126733
126,-0.04658185841519802,51.41887381091975
127,-0.06934135878473367,51.4193574114059
128,-0.02893345948051361,51.4152460234992
129,0.05860213972147911,51.40999489584558
130,0.018407437345469367,51.41217718366072
131,-0.062426289424689356,51.411639651190754
132,0.08981051873457464,51.40776233222106
133,-0.00477213828580522,51.40358267833788
134,-0.023416463364692927,51.40121401886425
135,-0.04313882049698751,51.40883788633056
136,0.10877693903000582,51.40478538842596
137,-0.058003134747679014,51.40516663298728
138,0.03254305384084013,51.405788908873554
139,0.01438621399658857,51.3991753660948
140,0.13534464791974177,51.39291432910326
141,0.03309521906578379,51.39411690302676
142,-0.00339647232155159,51.39290819019416
143,0.0518562547846158,51.39453059326075
144,0.10276858285948695,51.39055867270202
145,-0.028745674151533368,51.38940237267375
146,0.07760234581496595,51.382694555877634
147,0.03820387065558703,51.382774915452465
148,0.012089889826071207,51.3838760098532
149,0.09496061621024962,51.3794075020996
150,0.11487399988021428,51.381824131685
151,-0.013061232208843686,51.37659250373048
152,0.07472373123983275,51.37313151682197
153,0.12089492469520077,51.37076835661723
154,0.04171284754756105,51.364390918295925
155,0.011105395263746421,51.36559662971169
156,0.08553801800317012,51.36416965044304
157,0.07150668769057805,51.344696996137216
158,0.11567862428901443,51.34970863958182
159,0.01936985587440186,51.31071093311556
160,-0.15599172952744403,51.5649424041261
161,-0.17488113429370633,51.56168311442557
162,-0.14234297721096337,51.55538637890803
163,-0.1864390293441121,51.556795778864924
164,-0.20131551565114025,51.55413833349222
165,-0.15856055091670176,51.54957621705758
166,-0.1480319099162943,51.549897883037126
167,-0.17325151653642518,51.55040953614118
168,-0.1386543058839194,51.54601659718445
169,-0.19032208223718658,51.54916852760399
170,-0.1685264035666967,51.54747376515966
171,-0.15347425193882583,51.54580357986613
172,-0.20030139201531533,51.54707594422436
173,-0.16574344254678244,51.543694586410126
174,-0.13133632721064945,51.5443358119799
175,-0.1872009097660794,51.54382143908111
176,-0.1716677775991313,51.54032584848259
177,-0.15276293605601285,51.54035654879096
178,-0.13617715685066373,51.53935259186873
179,-0.1879516807737658,51.53896348791971
180,-0.14858855934343088,51.53270453770848
181,-0.12654225720389112,51.53495403789738
182,-0.1389503895842236,51.52889042819177
183,-0.11865254779567401,51.5281728197026
184,-0.1240694130484714,51.526177460817216
185,-0.13458272214943073,51.52225430997665
186,-0.11343845964668724,51.52289819045904
187,-0.12247397729714306,51.518490802274535
188,-0.0867939883869045,51.415631458617916
189,-0.10506414932767712,51.416082382324994
190,-0.11538177933583266,51.40992815346613
191,-0.12511215970000578,51.40639085025863
192,-0.10421911330682149,51.40453342596967
193,-0.09110431715205648,51.403133252300904
194,-0.07944794808676202,51.403083450430444
195,-0.06967061935664165,51.399780362406595
196,-0.11071985345936278,51.39913443280037
197,-0.10189317876173347,51.395849456373746
198,-0.11896975521661574,51.394609395139994
199,-0.08916516177754227,51.39082924260016
200,-0.07316813727440423,51.39107382470488
201,-0.10702100638610902,51.38649386710473
202,-0.12486569750633501,51.38713536701916
203,-0.0780841170454502,51.384869040633895
204,-0.046850613036221324,51.38318263793042
205,-0.11737035969278854,51.38023744228576
206,-0.09975255063725798,51.38150617245681
207,-0.06599422397249156,51.37954788833708
208,-0.08365176940362692,51.37873333178506
209,-0.07763683370214389,51.36949218892465
210,-0.11074270061995875,51.37247125832833
211,-0.03259622191625407,51.3696314250281
212,-0.04707762664630964,51.365249322394114
213,-0.09607786915723851,51.36868135476575
214,-0.11247979984464929,51.35889194013539
215,-0.0860865391990404,51.358073630112024
216,-0.025715191532030036,51.355128277946044
217,-0.0993635748766101,51.34910523477584
218,-0.008754827296518419,51.34866969110548
219,-0.06670200586252743,51.35058376872188
220,-0.03661513368969459,51.346015490746886
221,-0.08464353377490393,51.34043845392998
222,-0.006956105279736427,51.33748715852618
223,-0.12198897073252217,51.34246478771998
224,-0.135085257533454,51.33438451440315
225,-0.06329137826232527,51.32987111941861
226,-0.10762150545107062,51.32509219332712
227,-0.12688859472500696,51.32092729411629
228,-0.09433195379267421,51.31785681041602
229,-0.1456632332011317,51.30674311642281
230,-0.1181417316684832,51.30145456023295
231,-0.3478946731620582,51.553372741850005
232,-0.3267528614158451,51.5484028403206
233,-0.38494225114450425,51.548383737234744
234,-0.36442791087631476,51.54628774152207
235,-0.3143998351208756,51.541574095692496
236,-0.3454036258855577,51.53827788257677
237,-0.32313250725619247,51.53531947783137
238,-0.38591357365328566,51.53278996266832
239,-0.40029006468905126,51.53734868871359
240,-0.36831490291829594,51.53494719366916
241,-0.29218644667105753,51.528615482183206
242,-0.35299474109376994,51.527002772342634
243,-0.30837596930147765,51.52691226078478
244,-0.3631571696812704,51.5262426677801
245,-0.26361584868998,51.5253842225203
246,-0.33646177193944526,51.52335076011275
247,-0.37350570788206344,51.52141114759778
248,-0.32452981246567775,51.522029367713806
249,-0.31431572683107595,51.51712690134381
250,-0.2953264723471842,51.517313072966495
251,-0.275228638896008,51.51733784554292
252,-0.34074272671232914,51.514464484969174
253,-0.3718685370017222,51.512318168590774
254,-0.2539020958875986,51.511344563489246
255,-0.2692413444630794,51.50958308418274
256,-0.38671887608852423,51.50936964891697
257,-0.28555906540699094,51.50857831599799
258,-0.3255469576480468,51.5088209984703
259,-0.35678434436528333,51.50690857837993
260,-0.33823887805196745,51.50684482550516
261,-0.30138873457406046,51.50509929766688
262,-0.31403979519542874,51.505033359216114
263,-0.27427576720101865,51.50149288841507
264,-0.2579707337986072,51.5014612891903
265,-0.33003675790696924,51.49897290864786
266,-0.39106104862097285,51.50011482373502
267,-0.3707362911177306,51.49499939271325
268,-0.31061054671039257,51.496600792543816
269,-0.035529379037381334,51.67796680342637
270,-0.046029341776831295,51.674739682937954
271,-0.0209295914999206,51.6723956678605
272,-0.1064048964019413,51.682171159802
273,-0.0665994632767487,51.66888741228001
274,-0.05054785157156191,51.66350563928346
275,-0.035573213946235624,51.660559082035924
276,-0.08704567501461327,51.65902803862174
277,-0.06830293144697124,51.66064778808792
278,-0.09959124424721912,51.65649463618181
279,-0.1694426833172818,51.66800574769947
280,-0.051328754623204645,51.651231485890186
281,-0.11565958566364914,51.6539506681937
282,-0.024647470123748495,51.65046228848989
283,-0.07339941367848682,51.64348367828817
284,-0.056570547180582846,51.639134590551905
285,-0.09374709783707717,51.6440483878834
286,-0.03602049645276835,51.63565491322418
287,-0.11950867227219845,51.63938318200586
288,-0.1403162119563039,51.64142428658149
289,-0.07999848279311376,51.6355572886395
290,-0.10442335990541247,51.63459563067107
291,-0.052656429530813224,51.632317953483955
292,-0.06551463025821418,51.63137348502472
293,-0.036187456804110146,51.627002322978115
294,-0.0963982383183788,51.62397065034219
295,-0.07024623408893542,51.622742023356835
296,-0.12375788406520985,51.623174476239925
297,-0.10711020732750161,51.62241069752353
298,-0.046158858882871044,51.61641200844395
299,-0.08608327296192905,51.61948656777484
300,-0.1393179720222989,51.61485922193182
301,-0.06047609258733516,51.61260955206291
302,-0.0959992938975872,51.61288379490667
303,-0.11552043891495008,51.613605599421966
304,0.11456951369180486,51.50248190969951
305,0.09834738394417239,51.501542576002194
306,0.1129588543059599,51.493795493621356
307,0.04132499853737676,51.49181611770514
308,0.05110580201804956,51.48883648984702
309,0.09561796337510556,51.488264976258236
310,0.08724782967448691,51.48242319146979
311,0.11418774830621402,51.483701107234204
312,0.077543051487375,51.48616974202933
313,0.07036698922672141,51.48395889915518
314,0.040925770544235365,51.48377000384567
315,0.027144243367265695,51.48169476859233
316,0.05724661562631334,51.47961425271196
317,0.012745822470018016,51.48048949894745
318,0.08323179459387478,51.471527382532294
319,0.03921580017652421,51.47470143515776
320,0.0681136873432374,51.47131781199294
321,0.018763881866884848,51.47088094843535
322,0.03913044214286485,51.46843193064245
323,0.06463966834398702,51.46051884173057
324,0.04219758497187871,51.45856830502908
325,0.06077551153324885,51.454251498620934
326,0.054871434765612445,51.44524836288661
327,0.03543990550903121,51.44761176853179
328,0.07845624203994736,51.44401321147356
329,0.05164493100991398,51.43558007544905
330,0.06600936938982047,51.43267314233795
331,-0.07323063264281555,51.57304300919188
332,-0.09129483047134153,51.57094323350627
333,-0.08192728441082,51.57030009388962
334,-0.06688798087946989,51.57003382065019
335,-0.06963431687572964,51.562968359972494
336,-0.09714545667299743,51.56444119507745
337,-0.08853174300596031,51.56193899367017
338,-0.07686320745566765,51.56145230392837
339,-0.061097836544545446,51.556686001815834
340,-0.050569363142121675,51.55682991465514
341,-0.0851121317089343,51.555824009807985
342,-0.0320494009740418,51.556357564078354
343,-0.07555166002591626,51.55426256682059
344,-0.040927634567927466,51.55226865940289
345,-0.06525053841423337,51.55020013377161
346,-0.05565575327654099,51.547318695244066
347,-0.02777013746424769,51.54725537900845
348,-0.04605503147773771,51.54806186882342
349,-0.06560699860543345,51.541585169292766
350,-0.07646657521378732,51.543426773440544
351,-0.044068265897678406,51.54065213704551
352,-0.05602482590883544,51.538670279793216
353,-0.06759358540090454,51.535786846515514
354,-0.08053738332528164,51.534585143419726
355,-0.09357590689521306,51.53150582519341
356,-0.0815263649188672,51.5274734825638
357,-0.2377075646943438,51.522035405305914
358,-0.23494815414842676,51.512104887249066
359,-0.24142659349872458,51.508931065524564
360,-0.2243997469170297,51.507833685271315
361,-0.23036796192351705,51.503994125474286
362,-0.23998198805067472,51.503608183369174
363,-0.22027623509423594,51.50220910777752
364,-0.24640259549383411,51.500796205185154
365,-0.23050922266858498,51.49841821464844
366,-0.2185990897916414,51.497436348813146
367,-0.2391356078498608,51.49240691225429
368,-0.21098416634690034,51.49344145463369
369,-0.2266719844778041,51.49229272638527
370,-0.20909256746694102,51.4851925464452
371,-0.203718174451091,51.487334454973286
372,-0.21513095303981644,51.48479395952802
373,-0.19844535056443946,51.48315703981963
374,-0.2214103867431819,51.481268818562334
375,-0.20958847152128227,51.4806847717002
376,-0.19298641825423546,51.477123819801726
377,-0.202994152983477,51.47636070099418
378,-0.21294052924717036,51.47690749261174
379,-0.18579472660951415,51.472591232206945
380,-0.20364946013482246,51.46890087671324
381,-0.1942803621259408,51.46905331100069
382,-0.11692825672009254,51.605524182561794
383,-0.05424411040650085,51.60552190117142
384,-0.13651936956064503,51.60765797436562
385,-0.09056475085478127,51.60414424097556
386,-0.07988255489547577,51.60320774458161
387,-0.10222148900357002,51.60602368652346
388,-0.10007383555009744,51.602001869929445
389,-0.13072764717993152,51.5972644634243
390,-0.10020117800139618,51.59625560149098
391,-0.07342549947496377,51.59511314163243
392,-0.0677913167549107,51.59474907289385
393,-0.08368338004214063,51.59504157105486
394,-0.14457667693653337,51.59497308337288
395,-0.05724536225646527,51.59311110802157
396,-0.11013535795370104,51.593308220210105
397,-0.15260960312558106,51.58924774880635
398,-0.07910513256562339,51.59100429599021
399,-0.09446459171631497,51.59042933316965
400,-0.11868619743873436,51.587922052059454
401,-0.1410373102174671,51.58665411944263
402,-0.12959411684320488,51.586302895406924
403,-0.10545029454588827,51.58674332827718
404,-0.07890092404704052,51.58559355762041
405,-0.06800162510870907,51.584965832307454
406,-0.08589674888458128,51.58269196405639
407,-0.09636468799796251,51.582184755652825
408,-0.1139331324580102,51.581141184993456
409,-0.06802193426860824,51.578957189395155
410,-0.1563515012953501,51.57876770331974
411,-0.10153881567628256,51.57443233155202
412,-0.0845864475896665,51.57709156555104
413,-0.1329226080775164,51.57805428902477
414,-0.11886375155069413,51.57690569272674
415,-0.14248180474119376,51.573169822484175
416,-0.10859202546370345,51.57246067236345
417,-0.3183421340133503,51.62607180228171
418,-0.2937006956027211,51.612289983885944
419,-0.32163816820697627,51.611914940218576
420,-0.3594488260897015,51.61649504687549
421,-0.3388634484067185,51.60719432593129
422,-0.357521560587213,51.607412178180965
423,-0.27943957206967024,51.605062488512054
424,-0.3134403400033267,51.60269847201416
425,-0.39358214680248677,51.6057974325299
426,-0.2842564138432824,51.59831441631716
427,-0.33911763677530865,51.59955302045162
428,-0.3002359816818924,51.59672177922442
429,-0.3299332723000927,51.5953189685228
430,-0.3657836769079538,51.602568309601935
431,-0.38212855334742973,51.594354818088235
432,-0.2880978015941562,51.589234906041355
433,-0.3673155436134069,51.588417321944455
434,-0.3380306279847855,51.585756255614854
435,-0.35111766050575394,51.585115372371355
436,-0.3849017559767795,51.58291711400186
437,-0.32361164447015683,51.58294938511194
438,-0.35393055874755547,51.579260791645915
439,-0.3680162131170745,51.576279977330046
440,-0.35195972761707545,51.56859205262771
441,-0.36830665800586193,51.5672697226427
442,-0.3361939889252336,51.56798853115311
443,-0.3592340425230772,51.56136247047046
444,-0.3740561873327439,51.55982850801817
445,0.22304750733274828,51.61855999214357
446,0.24206694755058025,51.60731988631488
447,0.18446618573482518,51.61298276797234
448,0.21909136107089278,51.60376866931341
449,0.15631721002101154,51.6109065504336
450,0.20550295032514845,51.598973504627864
451,0.2489208207919045,51.59170698546557
452,0.18439154592942805,51.5948106512325
453,0.1700156077427547,51.59170208677715
454,0.23079912223782942,51.58319793182608
455,0.16293064526041437,51.58291455306316
456,0.21142001744233221,51.581209471993176
457,0.18242326834786857,51.579201617696356
458,0.20577289346469896,51.57155003156075
459,0.23176898100739593,51.571994841365786
460,0.19135488867005038,51.570388978088005
461,0.16388680133637634,51.57108602673258
462,0.2912218912608883,51.555726810843424
463,0.2564165121418642,51.56509204156922
464,0.21823444113933968,51.56397413610051
465,0.1965205644111008,51.559395269239815
466,0.23772348552432132,51.55840029955231
467,0.20340078889931396,51.55086213760203
468,0.25547325525834097,51.539866234249715
469,0.21475359307334796,51.54637741617563
470,0.18431746447943229,51.541955350929804
471,0.19499063649786397,51.534229072954425
472,0.17647343437513624,51.52272011092184
473,0.20962315426415318,51.50078678064585
474,0.19394516226599096,51.51824740269429
475,-0.4475156443840416,51.60682692700448
476,-0.41866608786310955,51.60457283188176
477,-0.47623800144547895,51.598469559053726
478,-0.409121247009292,51.59037651452531
479,-0.44009578864151994,51.58373422489323
480,-0.3952057644930967,51.57915233741035
481,-0.4217378189160101,51.580089634083876
482,-0.40572300512149806,51.57373463874832
483,-0.42709575990835713,51.56124972700627
484,-0.4065247339459554,51.56390095138467
485,-0.4512058039990619,51.567105233793384
486,-0.45563826927962914,51.551130930250324
487,-0.4352052010872631,51.54518446057593
488,-0.47058907748513534,51.54075078776767
489,-0.48521557981366625,51.53869626611101
490,-0.4508929939058593,51.52956336660615
491,-0.4258665738743311,51.532335390015575
492,-0.4368212561271856,51.53517086973063
493,-0.40128155034134555,51.529324842443316
494,-0.40641265835245893,51.52308619851601
495,-0.4797284845792719,51.52006829223971
496,-0.3886045362460122,51.52010328264852
497,-0.437485246366656,51.52140898331354
498,-0.4585015883459539,51.516480827517924
499,-0.40744035563804337,51.51450704907505
500,-0.42328368450920184,51.50957815419921
501,-0.45069842420669254,51.50208133271455
502,-0.47286330243291225,51.5029604106041
503,-0.4248884542365448,51.50051632004006
504,-0.46559080599547265,51.476840148782614
505,-0.4256143821624526,51.484939797586705
506,-0.2508155200539263,51.49248681148659
507,-0.29548363528585675,51.49226237922055
508,-0.3760431588655262,51.48923396789804
509,-0.39954932949879707,51.49047051703493
510,-0.3159558047082278,51.47902612607629
511,-0.26027448561763356,51.481436694640045
512,-0.27590914294049546,51.485567615767444
513,-0.3538023075000732,51.49268047988045
514,-0.38449741199802956,51.483735172026634
515,-0.37321540273148335,51.478119664485355
516,-0.3560679869427137,51.48033754586106
517,-0.40494055479601043,51.46884201094767
518,-0.33008400436066027,51.47292731511139
519,-0.34909337848425304,51.47125851716367
520,-0.39136103766082386,51.47057179177053
521,-0.3767315056380075,51.469164749934436
522,-0.36456946410920765,51.465185489703465
523,-0.34903286324431676,51.462678645335295
524,-0.33108460523123673,51.46278279019402
525,-0.38515428457126777,51.45848374588198
526,-0.41787326845377354,51.459616575515305
527,-0.44305633286331353,51.448218635658904
528,-0.40003813652134484,51.44869644340076
529,-0.4175514575137515,51.44457398099169
530,-0.3890799697587577,51.43891618639312
531,-0.4272980938671383,51.437056482780555
532,-0.3991671563299371,51.42840747524885
533,-0.12244877296182692,51.57071425765844
534,-0.13114334360446983,51.5688270574098
535,-0.11774432856404964,51.5664025297431
536,-0.13631504085760687,51.56365280830994
537,-0.11515359614131067,51.56387404504114
538,-0.10220493954949955,51.55963275142606
539,-0.11757587120392514,51.55896464604867
540,-0.13052774546386894,51.55834891268055
541,-0.09621434655396732,51.55437992919309
542,-0.1279498316610292,51.55162637522459
543,-0.11346707885648709,51.55272846525611
544,-0.08090153842948267,51.549178786401484
545,-0.10498031910667578,51.54913139942041
546,-0.08667156697812387,51.54372697335839
547,-0.12017285145464178,51.54521215441912
548,-0.09792650682896416,51.543445492349065
549,-0.11019420813318487,51.540699181254084
550,-0.09367798706875881,51.53794288674013
551,-0.1169858673358653,51.5362441220605
552,-0.10302448934260579,51.53457321990452
553,-0.11313274542066316,51.52902015703059
554,-0.10950284781939032,51.52532510769983
555,-0.09202090713778815,51.5246224496143
556,-0.22168577348396856,51.527420262878074
557,-0.21955214343986726,51.52268069916932
558,-0.2191499757731669,51.51779998754656
559,-0.20626604339255172,51.51731672906617
560,-0.21450273912572027,51.512137759079515
561,-0.19926085306563052,51.51147402237748
562,-0.20641600863630294,51.50960230064993
563,-0.19371809060134662,51.505650645667
564,-0.20751043471494304,51.50195384827388
565,-0.18620920575061556,51.49974696863561
566,-0.19730327026746725,51.49801955696094
567,-0.16263649471988892,51.496526356659224
568,-0.1895323891080797,51.49453201067813
569,-0.1687476140303412,51.491934894269455
570,-0.19993908047375966,51.4917408741977
571,-0.1793377068016216,51.49300683620926
572,-0.19104280210519012,51.48864480832592
573,-0.16024653895595445,51.48732903363523
574,-0.1728432891551457,51.486632359647764
575,-0.1839755117143495,51.485844969627585
576,-0.18146145244536274,51.48078667907246
577,-0.30086113756586846,51.42607392919906
578,-0.2623848347760652,51.42148575963288
579,-0.28327514244237734,51.41779589233681
580,-0.2991120775921707,51.417078745501456
581,-0.2923010528643404,51.408488656537514
582,-0.2766282818244749,51.40621613261634
583,-0.25340783549640744,51.403638213152526
584,-0.266779861592142,51.40107408939634
585,-0.3034159880909134,51.40332158092334
586,-0.2880311474939019,51.3986115611429
587,-0.31134068704600715,51.3930623122856
588,-0.2613371900921346,51.38922113569453
589,-0.30149193335408825,51.38816627349437
590,-0.2798298391196488,51.388524271196715
591,-0.24556420835579634,51.38776206572942
592,-0.3043632067029795,51.38000385751664
593,-0.2795215590341078,51.376047123663845
594,-0.30382510126498846,51.37081917780037
595,-0.29364013502761516,51.361953490619044
596,-0.3144723837344724,51.347519634001934
597,-0.11246139366263441,51.49297487769872
598,-0.1154251263640919,51.48818294739905
599,-0.12345136976297792,51.48165580607453
600,-0.11528203441465036,51.479646243308174
601,-0.125370787638225,51.47657183224731
602,-0.11273488176508373,51.474885405670086
603,-0.13478805773661912,51.47113071065633
604,-0.10433728162504814,51.47017278260661
605,-0.12228410572504324,51.46824443651478
606,-0.11240729418130982,51.46660139687296
607,-0.1342294733807121,51.46713320626268
608,-0.1447010719882043,51.46487494928292
609,-0.09708389289415247,51.46353072626858
610,-0.12920081673028497,51.46304991053452
611,-0.1157754057482756,51.459672618065
612,-0.13447009141568164,51.46051094835845
613,-0.10660695555324037,51.45480028693917
614,-0.141251727381757,51.45591851211543
615,-0.11821641899587919,51.45243249406576
616,-0.1244686734899851,51.449867237418665
617,-0.12998307986314916,51.447575958553095
618,-0.13811748823225456,51.44484058752875
619,-0.11431103960906885,51.444946326513474
620,-0.10053860779722155,51.442841129680545
621,-0.1264192561301491,51.43943286743704
622,-0.11368790626574013,51.43617499337651
623,-0.10006487182446977,51.43369098874326
624,-0.13105517638007524,51.43438154446412
625,-0.11374960259910141,51.42796225326282
626,-0.10119658540319916,51.425221130350586
627,-0.13073300699302626,51.426255147348265
628,-0.08815245425637049,51.424195010843114
629,-0.1259428176066205,51.41915297832076
630,-0.1380462274830167,51.41504111467177
631,-0.04056222270456871,51.48913827997891
632,-0.032619541877698215,51.48388624344241
633,-0.04716244660115615,51.48067915394376
634,-0.03254037518064683,51.471475508094414
635,-0.04702407260461555,51.47161750339869
636,-0.005767746303473742,51.46712973490002
637,-0.02773520149871152,51.46681520868844
638,0.006455031655433999,51.466262629417635
639,-0.041872822741942484,51.46336374892159
640,-0.021690532416152892,51.46231923268194
641,-0.012102253480255381,51.45911968231753
642,0.0047343998067911975,51.45633096674669
643,-0.028194128202761817,51.45673437821624
644,-0.03524505114442086,51.45302341799871
645,0.009716950999743299,51.44994982740717
646,-0.004219880175700579,51.44916710065607
647,-0.012540623767320003,51.44656721185759
648,-0.04130562447751931,51.4464623448986
649,-0.0250018996330586,51.44559483963588
650,-0.0560365215298755,51.444583169228366
651,-0.0019608158530283926,51.44119246445443
652,0.01814008992866799,51.4402094863487
653,-0.04210558712828879,51.43947233681733
654,-0.013869981078437206,51.43790627586014
655,0.013929696893224012,51.43398983851546
656,-0.04874455954486644,51.43333975294598
657,-0.06099417487925821,51.4349654658464
658,-0.029141432740893286,51.43394886693581
659,-0.007074672310012399,51.431306824609216
660,0.030811760327182625,51.42952734199676
661,-0.06314199207320131,51.42796108671653
662,-0.023868089789982543,51.426752665251364
663,-0.045044804210717534,51.42608825223985
664,-0.19684845207058987,51.43473694961776
665,-0.231105612183569,51.428398946373136
666,-0.19871687036497584,51.42463123825207
667,-0.2144716712057517,51.42164358781873
668,-0.17779974258830983,51.41933016372723
669,-0.18861282412596045,51.419718608832085
670,-0.15272403642850918,51.41675362953607
671,-0.16841507346495427,51.4154876076854
672,-0.19826489563285102,51.41466633184074
673,-0.24280812340573488,51.41418173057075
674,-0.21481378998441406,51.41188476544017
675,-0.18297810499305409,51.40999280605889
676,-0.16086201516707072,51.405475295784605
677,-0.14977221156479836,51.399309939454426
678,-0.20063161820912387,51.407747954697946
679,-0.22958368668852894,51.40614422345163
680,-0.13969631098823163,51.40568275258819
681,-0.17123234888207578,51.40565913078728
682,-0.1337048858618401,51.39763744694549
683,-0.23531957829266945,51.397351935584155
684,-0.21453235111046162,51.39777406530189
685,-0.16559973848680423,51.39554959263656
686,-0.2001756059586516,51.39982836973904
687,-0.19917228585199823,51.39074815990047
688,-0.2209804951125038,51.38692322269555
689,0.02298846942056375,51.552457670345916
690,0.060397241130512855,51.55225330600978
691,0.04745942196772801,51.55792758932758
692,0.04970726641775951,51.54980963272105
693,0.06006314783810996,51.546377980497965
694,0.013558120488487969,51.549241437223316
695,0.03306185054128243,51.54907833327323
696,0.02661243692417869,51.54485511635138
697,0.01294149930681202,51.54368720514456
698,0.05162203816196335,51.542791937074455
699,0.040070366646235145,51.54283222303444
700,0.002760397790848122,51.542534727983266
701,-0.008181684757984661,51.539546222886145
702,0.03684081397973417,51.539508781912566
703,0.061202408848660406,51.53987194215414
704,0.019087840051964552,51.53845100956001
705,0.02886038235837053,51.53807542625838
706,0.05114836921545652,51.53445073540698
707,0.04214772420471109,51.53396681763707
708,0.007791264791895639,51.5341943100601
709,0.014536997520828716,51.534678146528776
710,0.030571283401286415,51.5314592308065
711,0.06753615000188448,51.529994735388904
712,0.05572663769991803,51.528530135122445
713,0.043063497143635505,51.52830160768805
714,0.024528195420570904,51.527161820884814
715,0.00759240100734969,51.52558718563547
716,0.03437958123363866,51.52382454203532
717,0.05278667503202625,51.52195306575367
718,0.015946380314971313,51.52078070686439
719,0.02282690908241832,51.519378318684176
720,0.043966621076878994,51.51833646204682
721,0.07552790240098047,51.51688131498669
722,0.017807620127333574,51.5094886727946
723,0.05209155018894293,51.51133094875827
724,0.03115000629765541,51.511251966869395
725,0.045407498534723006,51.503677584187884
726,0.026687040443596537,51.61511846620414
727,0.12493561844957625,51.61270920848424
728,0.10013186255792778,51.610143936315765
729,0.04212791388751091,51.60992749568725
730,0.051813502266569146,51.60524417675568
731,0.08408268980505772,51.600404300574795
732,0.021902385075116413,51.59750121785989
733,0.06027117763709464,51.59527963715097
734,0.032765568523687484,51.594043419053506
735,0.07568439434244031,51.592403371037655
736,0.0673934117048265,51.58479136849617
737,0.1121606222411149,51.59148900996608
738,0.021226947378006695,51.58321931582819
739,0.0716901163176088,51.58002992639735
740,0.08227375162942037,51.579007100776465
741,0.03459627962450627,51.57599812559673
742,0.1235320307677051,51.575270832899584
743,0.10289931390653455,51.57618033608413
744,0.11186080618889707,51.573003907318956
745,0.08670926946656926,51.566705603391256
746,0.0998438034283414,51.56811429933229
747,0.07576982953037326,51.565269796246305
748,0.03195095812324344,51.563079247387904
749,0.06405656983078031,51.56142277512336
750,0.08125730498900237,51.55699511911783
751,0.09709107578505567,51.55420072840302
752,0.07096590559560088,51.55208278960096
753,0.07922177793763034,51.54742287745378
754,-0.23737428003008498,51.479646676842634
755,-0.29848861531293647,51.47368518886304
756,-0.24995659343528354,51.46895796686248
757,-0.2827171686116918,51.470080588497716
758,-0.2603641113580425,51.46298326492622
759,-0.2880193395415889,51.45683852903199
760,-0.3214762694110581,51.45867401094714
761,-0.30171001501107714,51.45742193270524
762,-0.30951673989885464,51.45304980273453
763,-0.35998761357146697,51.45402396724115
764,-0.3394069843239193,51.452094510746235
765,-0.27898541969636625,51.44189145295748
766,-0.3704582711628408,51.447107977850614
767,-0.33274966261782496,51.44676051789664
768,-0.35859158529104923,51.43943425543365
769,-0.33888384104012975,51.43871228837196
770,-0.31982281372919535,51.437961322401144
771,-0.33719437293425114,51.43161150171747
772,-0.3540769130490897,51.42718984043938
773,-0.3749421160361522,51.42788535093784
774,-0.33573909523977424,51.41832426598109
775,-0.31541965592077875,51.41670198214483
776,-0.3727571275829693,51.41565892701469
777,-0.04252151052413625,51.5034291497417
778,-0.09716175114169294,51.504167077287015
779,-0.07867395545143165,51.50157130520747
780,-0.06896185245893406,51.498539631492406
781,-0.08478568979259057,51.49624410230354
782,-0.052137038178381785,51.496738294809305
783,-0.0386182282109036,51.497067027133156
784,-0.09535314936018906,51.496168875497965
785,-0.06515205552685913,51.49057936610611
786,-0.05624631870438574,51.48696174964285
787,-0.09180334503833332,51.49202695070827
788,-0.07441927040405082,51.49000247007681
789,-0.10257967783648941,51.484939202400064
790,-0.07906841765572487,51.48604983179924
791,-0.08764099586929737,51.484677345936454
792,-0.09574939393819942,51.48261575354219
793,-0.06379090253268248,51.48169699150321
794,-0.07850946587569088,51.478066206706615
795,-0.08667222614917508,51.47698892115889
796,-0.09680858977119695,51.47607236183139
797,-0.06732732884289618,51.474611390974076
798,-0.05768760876459132,51.473714601017114
799,-0.0836759248445289,51.469199834080236
800,-0.07190243161692016,51.468081066174854
801,-0.058719897936928785,51.46526906733198
802,-0.08639194566921035,51.46173602875456
803,-0.06799011948123833,51.45865910248808
804,-0.051115757625667495,51.45635522632738
805,-0.07789595262380647,51.45480314827397
806,-0.08783463245134449,51.44903435838436
807,-0.067243730829598,51.448329956973005
808,-0.07870259816882934,51.43443531330638
809,-0.16927884584967126,51.38693623890118
810,-0.18100832510446857,51.38177541093291
811,-0.20878656016762887,51.38010696443214
812,-0.16028250967787794,51.37789968367067
813,-0.17148668087554628,51.37680395912778
814,-0.23583642850737388,51.384744680935924
815,-0.19256123837490538,51.37856498102708
816,-0.23097049350726528,51.37472861248268
817,-0.2190001740735554,51.37068314511947
818,-0.15096534753804158,51.36895289321667
819,-0.13787826336480313,51.37635928369474
820,-0.19286126748603125,51.36689059384818
821,-0.1799863735707228,51.3673757655452
822,-0.2059683588599182,51.36675646021446
823,-0.16765255922026437,51.3638352996964
824,-0.21851952431116164,51.358819654804904
825,-0.1456911422825891,51.35764617931772
826,-0.19825395643923568,51.35768023578672
827,-0.12986689979058158,51.356284322241564
828,-0.15675485531163943,51.3536876024139
829,-0.184002569085613,51.357404042583696
830,-0.17979912750230673,51.34927617338265
831,-0.15530105588146786,51.3388052210445
832,-0.028829617258672,51.53864588766011
833,-0.054079873839252494,51.531921729230724
834,-0.038961211018350775,51.531936072635006
835,-0.02313054108795946,51.531697266950296
836,-0.06193461737536071,51.53031273046635
837,-0.07120975577004302,51.52601967953313
838,-0.048691562327086046,51.52760802227666
839,-0.013840129476303559,51.525125510019976
840,-0.07029218146260069,51.523710725378365
841,-0.04208589664211496,51.52513459970473
842,-0.052915838142901656,51.52469490194956
843,-0.02209438859573745,51.52237911710069
844,-0.06083594808896632,51.522860088253005
845,-0.03018953234024963,51.52019567587212
846,-0.0716370985462793,51.51901408511753
847,-0.047751210026868156,51.51748979385778
848,-0.055934852878676285,51.51737598123561
849,-0.01255768945269579,51.51714815006324
850,-0.03976003855941968,51.51674227917388
851,-0.012214380069343127,51.51260163587931
852,-0.06649798584990596,51.514199876282255
853,-0.053151619420798546,51.51300435667724
854,-0.031601184643330296,51.51170830394613
855,-0.020608229427528477,51.509584247065405
856,-0.04142061838078163,51.51138227243423
857,-0.06371296688427297,51.5082286074791
858,-0.07181470889874463,51.5071427526225
859,-0.010464003497199165,51.50303547130335
860,-0.00938106233962199,51.490430401234214
861,-0.019552688586525483,51.49013409385064
862,-0.009229282205738536,51.63493082807148
863,0.009840816072654093,51.633159751186284
864,0.006475367113222698,51.620617989955385
865,-0.005709520365064179,51.618386783324
866,-0.016520983376037312,51.61732183378128
867,-0.025339107472728536,51.61136817696086
868,0.005127483027887994,51.60742302978977
869,-0.010593279419226566,51.603896238598864
870,-0.03289871095188934,51.60092463408803
871,0.0014400872560751663,51.596033928402434
872,-0.01832455936288424,51.59387212371156
873,-0.027818368489362907,51.590661340928214
874,-0.004814630116474945,51.58846152493021
875,-0.0442888435832112,51.588953380597204
876,-0.0013923595865211083,51.58386952109695
877,-0.0179770252691596,51.5822680993455
878,-0.02952033498619089,51.58205290757791
879,-0.04334665782442023,51.57610750953618
880,-0.001118766011439759,51.575507566245804
881,-0.013494821018153278,51.57414768363055
882,0.0059597306200231985,51.5707976833321
883,-0.03519114482345373,51.56752262698761
884,-0.008579448914211828,51.567323517125004
885,0.011808848095156293,51.565990802309486
886,-0.0035941611350962838,51.56041306914519
887,-0.015818301025997933,51.55894686734738
888,0.0020320883682203627,51.557286762443326
889,0.013439224019265214,51.557427613825524
890,-0.16124217174652986,51.47809096270647
891,-0.14167915091336447,51.47669320349827
892,-0.1630253827276997,51.47203586642015
893,-0.17077094141904653,51.47264549901339
894,-0.154027395411083,51.46788971457773
895,-0.22523217291771766,51.46737377054804
896,-0.17690710641984186,51.465773507715504
897,-0.16543846336855011,51.466189333613514
898,-0.1569240898086104,51.4617278500131
899,-0.20285560619287546,51.46121059735127
900,-0.2304729776775315,51.46101369757905
901,-0.17893740666915997,51.46073955133571
902,-0.25014072181229174,51.45809594344536
903,-0.21565319413222242,51.4546084397673
904,-0.168575700938302,51.452654636933644
905,-0.23258566719221513,51.45268688600433
906,-0.15717352601050805,51.452761592873294
907,-0.1936630007264936,51.452710793745204
908,-0.18259617739220443,51.452361671702036
909,-0.20565199170847134,51.450311196060106
910,-0.15092762540114749,51.448358700771486
911,-0.21535052217358877,51.44734627865995
912,-0.23813959510915425,51.43978726258366
913,-0.18182969578936845,51.444519595057415
914,-0.1982082910077996,51.44471375822237
915,-0.1445763000924515,51.437775364299014
916,-0.1716809995974128,51.43970344220972
917,-0.21490049600115535,51.44134604944155
918,-0.1585989420395972,51.438070409177584
919,-0.1526191967310686,51.433255421720816
920,-0.18409222772389092,51.435761698091966
921,-0.16508354671896458,51.43426417112458
922,-0.1714769423467254,51.43189465226368
923,-0.17718213740062558,51.42813055095899
924,-0.16435567048074176,51.42444859151391
925,-0.14905833879499195,51.42532967735568
926,-0.14461995463931487,51.42006887007826
927,-0.17226130419989857,51.535937737235386
928,-0.18385277198214225,51.534054550905736
929,-0.17347079532333448,51.52953471694237
930,-0.20937237106226225,51.52907795758641
931,-0.20245045279320312,51.525883322066235
932,-0.191532501725986,51.52714719307104
933,-0.1829742596801572,51.52508975130462
934,-0.15792130491862652,51.52735232269107
935,-0.17129479651626414,51.52321932642099
936,-0.19178730306421915,51.521516104464126
937,-0.15139106596002477,51.51692185107769
938,-0.16198805247022058,51.51823491191875
939,-0.13975438360664294,51.515225465333224
940,-0.19335710426089564,51.517284056891775
941,-0.16970573807094985,51.51587858226463
942,-0.17985323037958506,51.514949421851995
943,-0.1876660142641731,51.513554105067215
944,-0.1439963044269187,51.5052485334738
945,-0.16675280213218885,51.50439637431305
946,-0.1283154543627749,51.49854554784508
947,-0.13094842373602436,51.49208049000693
948,-0.14153343552865955,51.490605609455415
949,-0.15226061410022607,51.48984279763073
950,-0.13360198956946406,51.48802183473951
951,-0.43840595007243505,51.921409039564985
952,-0.4704075503373694,51.91845871960021
953,-0.45558652145742634,51.91733373931045
954,-0.4285718648629723,51.914229964913986
955,-0.4712995949118902,51.90731566160067
956,-0.4451605766977437,51.90623296460367
957,-0.4197710634620943,51.90428756246031
958,-0.3846030565735059,51.902297953605334
959,-0.4895854578402044,51.901341882662194
960,-0.4319620245886915,51.89630718299855
961,-0.45976651854569744,51.896068337527815
962,-0.40432998910279255,51.89594698278086
963,-0.4772601638297275,51.893791544089915
964,-0.371898932043542,51.88179729548119
965,-0.44495291566161915,51.89102251201233
966,-0.3937992083083222,51.88407880501819
967,-0.42769161309995973,51.88688455311467
968,-0.4118942240317168,51.882227793248305
969,-0.4450904580987868,51.883323351422746
970,-0.4321949520974519,51.87048088805638
971,-0.41338369018006643,51.86906879587705
972,0.6502872372647873,51.56948844782042
973,0.6858729421994336,51.56439361462835
974,0.6452890483058558,51.558372307982836
975,0.6906947380873157,51.55470669476704
976,0.666345864732867,51.553941000931474
977,0.7233598269255191,51.554132381822534
978,0.687498064218481,51.54792392734703
979,0.6348867208853541,51.546656755623395
980,0.7526863694867976,51.54730639138924
981,0.7096922344567016,51.544776357595126
982,0.6574692819488313,51.54319247236879
983,0.6796067173067804,51.541305734722854
984,0.79410378110102,51.53514005294201
985,0.7256609389014386,51.53775118869755
986,0.7044129457350073,51.53698183510003
987,0.7503960610883111,51.53365342949688
988,0.776457116029293,51.53776140703406
989,0.48539160696114847,51.5257408031288
990,0.4561771351575475,51.52453218472218
991,0.4385888657749574,51.51769974740921
992,0.37415379427559736,51.53365769564717
993,0.4509519042867896,51.51013915716267
994,0.3011983648179429,51.521997121355646
995,0.28181044174923414,51.50430388795288
996,0.23980908070080337,51.49825925348622
997,0.32603494996501764,51.499468216935895
998,0.34729221395568605,51.49234760464038
999,0.37068416177410646,51.487505566834166
1000,0.411828609926617,51.4806862342776
1001,0.3415996814607138,51.48278041796077
1002,0.268496309410794,51.48075550929132
1003,0.31197636583054134,51.48251590696605
1004,0.3217019744689284,51.47500233750964
1005,0.36548048007126377,51.46378746497614
1006,0.6333782998531933,51.45176722643504
1007,0.4952617532057135,51.456407576597066
1008,0.5467777470347557,51.449305134298555
1009,0.5116982356469028,51.407716566090485
1010,0.4747567782081525,51.402046207150434
1011,0.4971319529729364,51.39980954082345
1012,0.538735620197186,51.39775979361714
1013,0.4607052193024538,51.39522751527641
1014,0.5533234035596194,51.39278510756137
1015,0.5685685339420748,51.38922400313678
1016,0.48004709069769075,51.38651969290305
1017,0.5450430586763081,51.38469787494968
1018,0.5594908213786581,51.381967893910414
1019,0.4979348722349203,51.382241521713595
1020,0.5225117084239138,51.38288871689817
1021,0.5468829949280243,51.37855835416524
1022,0.5054252205809335,51.3753781309436
1023,0.5817074297351565,51.374687253298035
1024,0.5651680603217267,51.37403521625244
1025,0.5499838219326189,51.369892767110414
1026,0.5179732018082011,51.37342436360284
1027,0.5335111923155303,51.37128537302058
1028,0.6019083494729818,51.37830732245485
1029,0.4849823364542611,51.366432323877504
1030,0.6273341512001391,51.36529336788457
1031,0.5077208998380515,51.36315070418788
1032,0.529347653842559,51.36315355323922
1033,0.4370447492385098,51.36646064292948
1034,0.600699776233386,51.36050323967048
1035,0.5776452519745138,51.365271440570694
1036,0.5511922657090903,51.35133503648957
1037,0.6099349905582808,51.348507246381914
1038,0.5139856108007886,51.35229774800322
1039,0.5325211007112106,51.35095888735391
1040,0.5800798406185577,51.3431052378883
1041,0.5933159310598913,51.34498921440027
1042,0.5228521881262322,51.34185210741038
1043,0.5432560737583576,51.336326461570465
1044,-0.6863393031410404,51.44233494944363
1045,-0.7632547027037515,51.44338641279781
1046,-0.7408863719673235,51.42385911582681
1047,-0.7631307778624149,51.42014084620767
1048,-0.705081115561931,51.39525826797375
1049,-0.7316828549076305,51.412074378136104
1050,-0.7517935780664479,51.40998390777797
1051,-0.7322492360737206,51.3979788840879
1052,-0.7808686829594076,51.39880278020767
1053,-0.7483330177396662,51.395519609230206
1054,-0.7655622940768803,51.39180884046883
1055,-0.8235090926715863,51.35772926955621
1056,-0.7608201529988574,51.37170415635693
1057,-0.7995090975585823,51.35048780817342
1058,-0.769578434601424,51.34528924951245
1059,-1.1512333305857128,51.50599962148903
1060,-1.055289929980904,51.479489035356885
1061,-1.0559544107062304,51.46148380762051
1062,-1.0467959422837547,51.44695475423833
1063,-1.044667077064944,51.43904534772374
1064,-0.9568357648903965,51.482285510286204
1065,-0.9892000600469498,51.47767789512552
1066,-0.9706759199442888,51.47446216565682
1067,-0.9623352203839697,51.46637307540003
1068,-1.0380259772361156,51.464368968036894
1069,-1.0184457914873966,51.46282922392618
1070,-0.9922374845806224,51.46254359584118
1071,-1.0061560668839251,51.455707297580354
1072,-1.0330332076669222,51.45584093781792
1073,-0.9471944676552309,51.454810279754085
1074,-0.9712940464183464,51.45531471181538
1075,-0.935667052031182,51.445736627518315
1076,-0.9873115824489703,51.44281893253991
1077,-0.9684814559216399,51.44591286155332
1078,-1.009884183592631,51.44298451866069
1079,-0.9482323052584525,51.43594898550107
1080,-0.9889993200514193,51.42731229522082
1081,-0.9652469205880614,51.41765796467184
1082,-0.6329973608200972,51.533713982380846
1083,-0.619894679910322,51.524087729155404
1084,-0.6447318726379235,51.525104309680884
1085,-0.604570277325875,51.52243659246545
1086,-0.5755849586393034,51.522221092048426
1087,-0.6422559211189602,51.51656194076448
1088,-0.5866921046877004,51.51470878517013
1089,-0.6347179103607088,51.50782199871336
1090,-0.6066931045997074,51.507508772046116
1091,-0.5480649561050122,51.50684079860711
1092,-0.5805143095745897,51.50146636984574
1093,-0.5552827901350672,51.50100190504716
1094,-0.5394336051172967,51.496746745378914
1095,-0.5166327574396914,51.484427646412676
1096,-0.7579895528696029,51.53738513802144
1097,-0.773871826042493,51.490330847714034
1098,-0.736631394020913,51.5334509438216
1099,-0.7132662459705215,51.5130994420372
1100,-0.7238510873975574,51.52474980066487
1101,-0.7557627692725607,51.52184261608697
1102,-0.738103360565684,51.513790806410526
1103,-0.7498637521164121,51.50306680915019
1104,-0.7044368806502123,51.48172993625223
1105,-0.5966130108673987,51.48360680798848
1106,-0.5419200712171348,51.47069613051274
1107,-0.6254328936245477,51.48321316313055
1108,-0.6520994673615822,51.48124079651865
1109,-0.6330130018882856,51.475838069757266
1110,-0.632338512278558,51.46179970818171
1111,-0.5919502256976086,51.45394405564238
1112,-0.6648981263995737,51.414099562883194
1113,-0.6444779907851066,51.39657878202291
1114,-0.8582376347303601,51.51341746459299
1115,-0.877392712688531,51.479581632537
1116,-0.9064383634636518,51.4696721136177
1117,-0.8684519659453868,51.46456656690712
1118,-0.9169333516293761,51.45529742678432
1119,-0.9369660962649564,51.458505025053505
1120,-0.9154052158877337,51.446219271301985
1121,-0.9243959641240159,51.43059933667175
1122,-0.8875019446734909,51.42934550087926
1123,-0.8411458152461336,51.43839426134888
1124,-0.9188723762554658,51.425013903462165
1125,-0.9408024154896969,51.41266925057675
1126,-0.8328913544130527,51.416400583106984
1127,-0.8116551917918575,51.41277670617149
1128,-0.873821448562084,51.399976236815505
1129,-0.848528519844713,51.40209237096445
1130,-0.9642878327356844,51.386432598872474
1131,-0.8996520571441021,51.387885706797135
1132,-0.848772944680133,51.37208796354822
1133,-0.812609141714429,51.38740079838814
1134,-0.13241932025515318,50.86738290423601
1135,-0.09755645430680983,50.862893140474455
1136,-0.1625674483061196,50.8714002996906
1137,-0.14151913637788624,50.853255358230726
1138,-0.22466862206263938,50.861764292264226
1139,-0.19650027359801564,50.85848820431331
1140,-0.17402444195474392,50.846699840500314
1141,-0.12151680788587584,50.8509899573225
1142,-0.09989785242982713,50.843823293433466
1143,-0.137136469691402,50.84496418906861
1144,-0.15620974030110713,50.84218611564987
1145,-0.22032480104930402,50.84188964019969
1146,-0.19979177798891803,50.84023221052302
1147,-0.14409447022040556,50.83846921719376
1148,-0.1297713699177839,50.835132794944926
1149,-0.18218892838976206,50.83644249555789
1150,-0.06625927164751916,50.834238661088534
1151,-0.12245899256227474,50.82740265124721
1152,-0.17124086036816324,50.83369006311195
1153,-0.15795088481001285,50.83161127922438
1154,-0.20635424079770187,50.831862130070235
1155,-0.13062569300556823,50.82946319415014
1156,-0.191009377460838,50.83068841922588
1157,-0.14516875850833683,50.8290456284267
1158,-0.10197370028441341,50.826976449292296
1159,-0.17036850773364315,50.82900217372385
1160,-0.1417180978514252,50.825982410364034
1161,-0.17861631082724255,50.82704857996605
1162,-0.15666671665927898,50.824057484996004
1163,-0.13067190415203922,50.82358977077011
1164,-0.12205856310532681,50.819629667890695
1165,-0.09357082954738907,50.81455482463502
1166,-0.04995272789061529,50.813423420647524
1167,-0.23110562374503435,52.01849777622926
1168,-0.4861562865324598,52.008696232688486
1169,-0.5217610021712434,52.00326000466206
1170,-0.4698179913198007,51.98704714731306
1171,-0.4386753580871936,51.946063362087884
1172,-0.5287951531666546,51.94872199075234
1173,-0.6572260407130402,51.933075504082865
1174,-0.6594445577958856,51.919863740221516
1175,-0.6809167510178468,51.90588238499848
1176,-0.6891722128266307,51.91382035982275
1177,-0.5133945360697084,51.91505801557514
1178,-0.6519020820404428,51.90743257871028
1179,-0.5365453287715685,51.903467911088654
1180,-0.5026636731947897,51.89140407248898
1181,-0.5393046160192273,51.88793338272125
1182,-0.5250031088381862,51.884974546024694
1183,-0.5049220724320341,51.88023820056839
1184,-0.514336383496659,51.87595559332589
1185,-0.5411027893167519,51.857517049739904
1186,-0.3804708003732442,51.85071805571466
1187,-0.7693877384294578,51.93687780026002
1188,-0.7351296857772097,51.8824621905723
1189,-0.8423883482068442,51.875585079740674
1190,-0.6242561634390602,51.847369113368174
1191,-0.8070310263809327,51.83199391969079
1192,-0.8499139215408159,51.83977421847147
1193,-0.8235070411761121,51.8242299681832
1194,-0.7981672709040792,51.819813175823846
1195,-0.8101730366154165,51.817927215327174
1196,-0.8355576173118513,51.813816776961204
1197,-0.7879556684556512,51.8080399810834
1198,-0.8174922679285285,51.807907530555966
1199,-0.8007634329967764,51.801321814256944
1200,-0.8189112830612479,51.798849365987465
1201,-0.709347273095123,51.796435522357406
1202,-0.8897550647855658,51.77967539611929
1203,-1.0121269359234784,51.77100743335613
1204,-0.7336938669840597,51.75723627014011
1205,-0.66963374923279,51.72120139025509
1206,-0.6186153201185697,51.71849808046897
1207,-0.5948833824606182,51.7140894186927
1208,-0.6074463635361141,51.70005812143752
1209,-0.7183632723785082,51.696620808286625
1210,-0.6117111194009638,51.683696145858015
1211,-0.6148657717486694,51.66463553934057
1212,-0.5620862647147845,51.656558036619444
1213,-0.5851937710438697,51.62539305184342
1214,-0.544071572118384,51.61702252826142
1215,-0.5774007702840486,51.60112811119239
1216,-0.6391979813941807,51.60406865726983
1217,-0.551430096986964,51.580046627725544
1218,-0.5042421568043908,51.575225304987924
1219,-0.5800492927746193,51.56839855331185
1220,-0.5415242345897052,51.53164391423159
1221,-0.6820690233071949,51.53359886901558
1222,-0.6647511670662495,51.52989919068197
1223,-0.5111265814007381,51.524491139218554
1224,-0.8231878334255425,51.7274029368386
1225,-0.7811365656614867,51.70608454215215
1226,-0.7545923147304745,51.6702651856942
1227,-0.8886313820976837,51.653537293846476
1228,-0.7731448422753703,51.648680396199666
1229,-0.8666923867873862,51.59361064455144
1230,-0.7437717412741294,51.638972771633604
1231,-0.698036608182424,51.629224699180824
1232,-0.735244050709211,51.6329915960016
1233,-0.7251541833376904,51.63148491060026
1234,-0.7944865892626727,51.63096683551064
1235,-0.7791784665144666,51.62756178339148
1236,-0.7116245657934783,51.62726252090512
1237,-0.7613227095366057,51.622396308463884
1238,-0.7256521255030239,51.61703180723926
1239,-0.8299043329047848,51.620372671830324
1240,-0.7097644640494462,51.59961105675803
1241,-0.6867178455116627,51.584258899861915
1242,-0.7762273510940814,51.59665432407726
1243,-0.6947212238367481,51.569722923013344
1244,-0.7846440542807653,51.5693144787077
1245,-0.7629196085098733,51.57199852514662
1246,0.00011108847251232726,50.94246635108436
1247,-0.08719591929298291,50.932170481901096
1248,0.025093375640419354,50.87968015518458
1249,-0.006710948627483421,50.86944496365387
1250,0.4423979392672543,51.02293870794102
1251,0.38769552970742077,50.975058997383385
1252,0.08478759825102247,51.11251765445962
1253,0.21056657623009517,51.08932589452859
1254,0.17452710299395888,51.05975758921976
1255,0.14694145756366192,51.04815894469082
1256,0.30422821795915783,51.04393422612187
1257,0.17823701662801206,51.046064626199836
1258,0.05359186827628408,51.03789261729256
1259,0.1654555580509411,50.988460434939455
1260,0.09682212702306517,50.97716391070887
1261,0.2394707437701883,50.96478882786348
1262,0.292047228309676,50.978097539248786
1263,0.09883437976254031,50.960147958416755
1264,0.18467324326663093,50.90877619807554
1265,0.4261739404666233,51.64109207386258
1266,0.4078056016143925,51.640738383989486
1267,0.43808950001896174,51.622606093246546
1268,0.405041435115103,51.62177526377859
1269,0.5297300929051014,51.614698550981444
1270,0.49690121063848947,51.60972871735415
1271,0.545265209902368,51.60907412014038
1272,0.538902812555284,51.59383587420607
1273,0.43386359259333557,51.603598867689854
1274,0.42526617662139454,51.58651443171693
1275,0.5140827057672891,51.58349563261031
1276,0.48452495068825263,51.58397180826723
1277,0.5001462407227188,51.57468146900454
1278,0.40220438033726325,51.576518643337785
1279,0.4616396013691411,51.571541283714026
1280,0.4277179558080633,51.5722173749233
1281,0.4488043566251682,51.573289995868535
1282,0.5150803685027733,51.56917462517939
1283,0.48274638627785105,51.56556377150424
1284,0.45873662873907317,51.55963714973592
1285,0.4068757593289438,51.56395322278789
1286,0.5122162059801353,51.549493679838456
1287,0.49885666922606503,52.032010836630654
1288,0.6636742782012592,52.01621061639619
1289,0.5589743009277658,51.97423174483095
1290,0.6296448092664539,51.942098993846685
1291,0.4787795137197367,51.94731437792886
1292,0.6973397401437531,51.933435455014795
1293,0.5694800058813123,51.91940776526231
1294,0.5430114273976632,51.886300845705456
1295,0.5582141851317617,51.88027391952036
1296,0.5081632299232863,51.87917713922757
1297,0.566173213207307,51.86966965128263
1298,0.6119701007946049,51.876052228272926
1299,0.5427274514961964,51.85344599990586
1300,0.6888226750184964,51.86500872578435
1301,0.64581288338969,51.82648993425286
1302,0.612958688238618,51.801117492726135
1303,0.6387967138064117,51.79796561776582
1304,0.5812779585840206,51.800189567034145
1305,0.2670938822903757,51.66722212444102
1306,0.3675091296635436,51.667468172691095
1307,0.36533007377861426,51.629477640724126
1308,0.29475662951589987,51.629280585440284
1309,0.3300703201367931,51.634625686834866
1310,0.2677686724806936,51.63125965786854
1311,0.29967694006660833,51.61672071369636
1312,0.3034208755606636,51.59196984805188
1313,0.353617669508696,51.59123408894304
1314,0.5570773134032156,51.57236887163811
1315,0.5860600701390918,51.57366994334055
1316,0.5534822088884814,51.56268549479478
1317,0.5768618674502914,51.556276094564794
1318,0.6168785958040756,51.55762603085914
1319,0.6055486750479724,51.54656393113339
1320,0.5569441410811977,51.55031375810904
1321,0.5855470352977364,51.531247828156815
1322,0.6114641431624294,51.52505954271961
1323,0.5520481976445346,51.529706911339446
1324,0.5722002389865535,51.51397251507925
1325,0.6074003865582256,51.51734450126949
1326,0.473705739971177,51.8096764518823
1327,0.46186402075750027,51.765828660768555
1328,0.39329002481590003,51.77616343769247
1329,0.4931914416906817,51.758158832123215
1330,0.5459427020852367,51.75435048465876
1331,0.45483083428032134,51.749355232603435
1332,0.491180485694786,51.742494001344824
1333,0.4921604836590083,51.73318221957058
1334,0.45329153216719886,51.72590093975991
1335,0.47371607816811717,51.73307482653651
1336,0.39013526822418226,51.72500737565924
1337,0.46373069755273055,51.718624384884386
1338,0.5272404988544516,51.71152286355745
1339,0.4886192894941278,51.71577581552371
1340,0.47875161809457556,51.71850622551422
1341,0.5742532586922862,51.69013080174844
1342,0.47933953751535685,51.69856114001527
1343,0.46217862116784714,51.665141796969316
1344,0.6067073628873263,51.6531956432734
1345,0.6183147137968523,51.63837389010197
1346,0.5561653648993218,51.640669303394624
1347,0.9257336037272049,51.948973715019655
1348,0.9203155169666166,51.91463800856405
1349,0.8234500159410497,51.92713851422062
1350,0.8939827305954454,51.91301743193389
1351,0.8982703500650884,51.894113449665895
1352,0.9354852793352478,51.887753414151675
1353,0.8669203649054948,51.89317525715304
1354,0.7645166245604366,51.900371002228354
1355,0.9132517936192315,51.882574453364434
1356,0.8398108283001945,51.8719293752188
1357,0.8879345548689137,51.880268490601054
1358,0.8603466770965233,51.87850781265652
1359,0.8753043032508541,51.86520507155962
1360,0.926593477503358,51.85994425361934
1361,0.9579602970748233,51.87066207043684
1362,0.897508225646932,51.86085755567015
1363,0.8515025733095176,51.82460728316859
1364,0.740923732055202,51.8106690450648
1365,0.9301370736939791,51.787662266851925
1366,0.20528356016429644,51.783423244098756
1367,0.05438910698273971,51.73240669958201
1368,0.2901002049621006,51.7404276368621
1369,0.24639921631131392,51.706972452686095
1370,0.12428957436067574,51.71403245088605
1371,0.11914965159161033,51.69170015120385
1372,0.028892534073387946,51.690856637344844
1373,0.010920123828934845,51.681240939629795
1374,0.056094782630955894,51.69420906102818
1375,0.11959614693266638,51.65437261269424
1376,0.08698261801579724,51.65400125616391
1377,0.06201881354392445,51.65977987904292
1378,0.07678302040541858,51.64301099116995
1379,0.04510872487437793,51.64171092293868
1380,0.04121643380836509,51.627628732186736
1381,0.08916902334100053,51.630074033553804
1382,0.084073585951372,51.611044966136404
1383,0.14465727873067785,51.78087806675018
1384,0.12058405236313247,51.78031961246755
1385,0.10373552576685462,51.7752289931174
1386,0.074033053188722,51.77299537826329
1387,0.14033426707673116,51.7652327462093
1388,0.10867921979210987,51.76091084162831
1389,0.0943023395407111,51.7563580413598
1390,0.12850324419495443,51.7567480471981
1391,0.07556189951233597,51.75779389308153
1392,0.10370325487226083,51.750104676630265
1393,0.08592986222720182,51.74442118664418
1394,0.7938864120761648,51.76849875537732
1395,0.6679379527594295,51.75987563747021
1396,0.6984868608658946,51.738727681083745
1397,0.6789137947798451,51.73038381023129
1398,0.6700270398056122,51.71941384164846
1399,0.8738181081528786,51.687515969844796
1400,0.702766154091315,51.67308341802839
1401,0.856547585038281,51.63280973979572
1402,0.6350849972969999,51.62435832066135
1403,0.6870144388151915,51.61550451057363
1404,0.6537420728563175,51.602299021640945
1405,0.740535688415661,51.60523455962856
1406,0.6189827996738341,51.5925231477725
1407,0.5819461577571992,51.607688642160994
1408,0.6823796731119132,51.58012532591318
1409,0.5944445640457188,51.582891855523116
1410,0.6243645543936553,51.57625011869614
1411,0.8890100558688167,51.59139862997298
1412,0.2663635471476041,52.05338276852436
1413,0.2486681166525837,52.013394664361044
1414,0.16313304793092293,51.99851960643627
1415,0.34535371780147034,51.98121447600399
1416,0.1587352474672953,51.92119171328326
1417,0.2906560299240408,51.88692229416464
1418,0.36298304475738763,51.85884207462701
1419,0.471479163578686,51.85845545737974
1420,0.2532504620015017,51.82328036406886
1421,-1.0760755531694297,51.21205470004098
1422,-0.9218530637793636,51.17637892759287
1423,-0.9710461845163672,51.153506147029596
1424,-0.9804162616067758,51.14206479235615
1425,-0.8259401121890603,51.13780724488622
1426,-0.8462287644662093,51.118264461202024
1427,-1.0306339791539971,51.112692166337055
1428,-0.9038341331078306,51.10968201828915
1429,-0.8050672083402365,51.08907216800346
1430,-0.9047947951210153,51.0546989219334
1431,-0.9889307134414919,51.010196409875746
1432,-0.9274525817493737,50.99729748480641
1433,-0.8265527308374224,51.34286034488891
1434,-0.8691675626223646,51.33896009702483
1435,-0.8036377680436828,51.31886693788746
1436,-0.9210631815855757,51.325049900943874
1437,-0.811591533225774,51.28844115630964
1438,-0.9623095507341997,51.29184043612867
1439,-0.8303680105846765,51.27985690463576
1440,-0.9034740072081496,51.262265497431656
1441,-0.8250806720481266,51.26825772719906
1442,-0.854028014570406,51.23997211352386
1443,-0.9526812151644837,51.2275726947313
1444,-0.7652265215240226,51.31448765832778
1445,-0.7653408858407217,51.30572356961922
1446,-0.7834097324214498,51.30655706880638
1447,-0.748966313607044,51.298676724479535
1448,-0.7954540704932234,51.29317390319154
1449,-0.7677090206065637,51.292906788209955
1450,-0.7639045097503989,51.274648589189596
1451,-0.7758243052733423,51.25599859256296
1452,-0.7439489777710614,51.24857035750597
1453,-0.7738444391764805,51.24440447659579
1454,-0.761396156934856,51.240309475818684
1455,-0.7411301385355487,51.238130831958586
1456,-0.014008354332859747,51.77427716110458
1457,0.0010359138532035539,51.766421862999316
1458,-0.022304827111104597,51.760429602976764
1459,-0.027881816376112097,51.74469761629999
1460,-0.024564200191044196,51.727895947369
1461,-0.06366776535651723,51.72582332595778
1462,-0.08893488742430836,51.707894757202496
1463,-0.028902516930132814,51.71381773833047
1464,-0.06145745037585921,51.71112722427925
1465,-0.03004839231018348,51.70393635145687
1466,-0.057305621830562634,51.695373930758784
1467,-0.030623811738938057,51.69326127630099
1468,-0.02818744732267534,51.68604928226317
1469,-0.4667990380399763,51.811518442145804
1470,-0.6998838671404365,51.825867509313866
1471,-0.6635677631126435,51.80280768568679
1472,-0.6319070135161027,51.78675812477897
1473,-0.43994688444371155,51.77848810012122
1474,-0.5629636511790137,51.78603439152612
1475,-0.45679241470103876,51.774174412620084
1476,-0.4601559945826319,51.76444054693275
1477,-0.5517193797186191,51.762111787473366
1478,-0.4795255316277065,51.76444450463292
1479,-0.500830488693444,51.764049384755396
1480,-0.5801447587454868,51.75751581548188
1481,-0.43906388760417847,51.76245811073468
1482,-0.5579137679601633,51.748401746365694
1483,-0.4658920381464579,51.752859724999034
1484,-0.5079730981313855,51.75216824454503
1485,-0.43413940017670677,51.748778124891395
1486,-0.4867169104180381,51.74779441932782
1487,-0.46244196816290994,51.74456640939586
1488,-0.4450424320940907,51.73759182895967
1489,-0.5172951780055387,51.72629625262154
1490,-0.4619578341801144,51.71436509232546
1491,0.031023318582394762,51.96156744734861
1492,-0.0817533024503205,51.90791614770164
1493,0.0797254658020773,51.90358389211623
1494,0.16594349153366847,51.88227033962647
1495,0.17927819172413548,51.870475287685686
1496,0.0036649878040048724,51.861356857275126
1497,0.1520964710486014,51.86284869814796
1498,0.15226925788789117,51.85414996044814
1499,0.07287716367854291,51.82503912979826
1500,-0.07173499530854369,51.84346768222249
1501,0.1420543429372074,51.80809886148723
1502,-0.021671082163415862,51.81300438307729
1503,-0.04270904978825366,51.811693064852065
1504,-0.07404234236777628,51.81254341724474
1505,-0.10269243409191653,51.804273317417824
1506,-0.056497627407472044,51.80148413722899
1507,-0.07965085544751419,51.78992195613459
1508,-0.06210982600939985,51.75855405115916
1509,-0.19075252728765832,51.686632710466164
1510,-0.2110853536695125,51.69688865203948
1511,-0.17226911101502354,51.68834513789432
1512,-0.25546853094888655,51.69408335490451
1513,-0.3133952300728268,51.67994906468618
1514,-0.277549256640703,51.66833277273506
1515,-0.2861513565464245,51.66393581865141
1516,-0.36596851977000333,51.661252703026356
1517,-0.25500576771141065,51.660054783207755
1518,-0.3265191558468465,51.66575422140646
1519,-0.2670016018166532,51.650162702089744
1520,-0.364351870093581,51.64516286108816
1521,-0.341195933565273,51.64013205840929
1522,-0.005957377316278837,52.04521529387085
1523,-0.22294508444881989,51.99610898933238
1524,-0.1875492494669003,51.98675132279336
1525,-0.10077148822882988,51.997751568632886
1526,-0.2150317039016212,51.98433273244947
1527,-0.2460470912168185,51.98039134651556
1528,-0.23020823920878225,51.96562683484143
1529,-0.20631289399876054,51.964699966872836
1530,-0.27027338777387566,51.963579516502996
1531,-0.25177002988487507,51.95857454239024
1532,-0.29171386314504955,51.94715483929864
1533,-0.2647121522185243,51.94568806015298
1534,-0.3149247920904925,51.90928228342881
1535,-0.2525299474876299,51.859463593843046
1536,-0.36708346325323576,51.82741709256338
1537,-0.34862184983468897,51.82127065495296
1538,-0.3575074890010723,51.81395778878502
1539,-0.3018487965928383,51.81896476124368
1540,-0.3498178283421951,51.79936956589858
1541,-0.39137055514500557,51.77992279075235
1542,-0.30192657983400234,51.78583853968687
1543,-0.30290615000709703,51.765400754708594
1544,-0.34462071363672153,51.764186332509986
1545,-0.31939919681001666,51.76307874921668
1546,-0.32080750602023417,51.754052286115716
1547,-0.3348115865552484,51.75102051769368
1548,-0.3028381282152653,51.75194862324407
1549,-0.35547586931022035,51.74564745104553
1550,-0.27468704689142165,51.74640668128545
1551,-0.3126650220550803,51.738605721566806
1552,-0.3334567071546177,51.73836041109575
1553,-0.30150794267143816,51.72064701459215
1554,-0.3451554093215364,51.720992208504185
1555,-0.37193295324866216,51.71348307493447
1556,-0.17725602598552082,51.923683167651944
1557,-0.20319887272838663,51.9213708691112
1558,-0.16826681582589234,51.918694273321435
1559,-0.16722370360260552,51.912247843092324
1560,-0.2222296727017937,51.90824017892921
1561,-0.19274148891260862,51.90792300740832
1562,-0.17106240886707752,51.90531322931288
1563,-0.19387222983061483,51.90028768499851
1564,-0.16256560312509397,51.89527817142518
1565,-0.17585652755628287,51.89178229910619
1566,-0.1939434397891536,51.887135609048045
1567,-0.16257780167459313,51.879050005785935
1568,-0.4256973423531547,51.718458224220136
1569,-0.38929858690878205,51.70249127140675
1570,-0.4713483803930278,51.68071184490324
1571,-0.4862983340465926,51.65495505766262
1572,-0.5197385652034489,51.65276342321131
1573,-0.44718505041090073,51.647708098744225
1574,-0.4861090791089261,51.64065137943662
1575,-0.4046318532509132,51.63461938935497
1576,-0.5139009257467727,51.624040485644265
1577,-0.3777918591164548,51.62701202337526
1578,-0.44703640995556776,51.62720278284949
1579,-0.39674914459134736,51.62153102132412
1580,-0.3952712465003297,51.695747574985994
1581,-0.39874807204181406,51.68721324554268
1582,-0.38049580164473124,51.68432651441717
1583,-0.40738014120250365,51.67980280707506
1584,-0.3875167248934157,51.67234382978859
1585,-0.3978997943618674,51.67172629919934
1586,-0.41351901046953077,51.67325365512965
1587,-0.42234571361080603,51.66428497476854
1588,-0.3929286549647383,51.65564700466154
1589,-0.40367261743337557,51.65084757325844
1590,-0.41726999014910104,51.646307143200254
1591,-0.38718160016683506,51.64285483852115
1592,-0.17798543458560798,51.830640089740804
1593,-0.2554273623219946,51.78542829125064
1594,-0.2099792833060344,51.814260749138086
1595,-0.1846455506993541,51.808405193874854
1596,-0.16629767614527752,51.79983154744725
1597,-0.21724930385306412,51.79734472770844
1598,-0.19543080374215313,51.797747008584565
1599,-0.1758557907422123,51.78761955435015
1600,-0.19949558083066046,51.786901553841716
1601,-0.24954936790495746,51.762488258123334
1602,-0.17847234786822108,51.76294510374491
1603,-0.23165059603733243,51.760294094171506
1604,-0.23770979492896896,51.74906065590878
1605,-0.22367438187196753,51.72803898398835
1606,-0.164813932359703,51.73005683212529
1607,-0.13712615580314544,51.70574924841614
1608,0.9395507102735157,51.20667715968044
1609,0.7955542589549953,51.19446171033534
1610,0.8938022366357525,51.16547388473543
1611,0.8606434752912566,51.15953455480139
1612,0.876707929221171,51.14376975795101
1613,0.9039322553471365,51.142454654475706
1614,0.8488259819678897,51.140060783098434
1615,0.8487895305975179,51.12954936425887
1616,0.8739527307786435,51.12654492065861
1617,0.9346201833820056,51.10677719700521
1618,0.6732604901769045,51.124544326305895
1619,0.7818115709299086,51.11201746337784
1620,0.6575737257973502,51.05348438996831
1621,0.7671293032684033,51.02652103303615
1622,1.0410094250897801,51.3546583452543
1623,1.022697683940012,51.35430889114533
1624,1.0078574548994215,51.3359600574901
1625,0.22839220163383045,51.46263155859873
1626,0.2978731425465062,51.43575188428778
1627,0.20888789135215613,51.448631734725744
1628,0.2987785925304529,51.44583405628491
1629,0.2340127961566874,51.44492973299
1630,0.26064985711051214,51.44724819766313
1631,0.19020602288070332,51.44065279298948
1632,0.24707394430127125,51.432762950733256
1633,0.21296527108908267,51.43630901043181
1634,0.1676098494285216,51.42285713507685
1635,0.20931846639096358,51.42195122609933
1636,0.2558880815231464,51.41413057134195
1637,0.31367366347363895,51.40917261056553
1638,0.33374732171004234,51.44459718651458
1639,0.3659213644594194,51.441464028786186
1640,0.4071171056109089,51.43630336669621
1641,0.3534143664389429,51.4333425347196
1642,0.3717704577460438,51.43106087046513
1643,0.33604361673204547,51.43230574741202
1644,0.3865959293649842,51.426484374528094
1645,0.40398461664954755,51.4224613687524
1646,0.36309672140882815,51.42108209660264
1647,0.4389267724446506,51.41552303642933
1648,0.3818816571224257,51.416381566563594
1649,0.3536787740251349,51.38889531331491
1650,0.3616106914764895,51.345533300738154
1651,0.567568306103393,51.305081987440644
1652,0.5350445529267172,51.28493789318447
1653,0.4967237533663142,51.28464259673397
1654,0.5215072538334646,51.282095127177065
1655,0.5536430170068716,51.278198822231445
1656,0.5116612658543089,51.27345241928633
1657,0.5734125721399965,51.267739807523796
1658,0.4821484030617709,51.26726811465607
1659,0.5096816514085866,51.261916239112395
1660,0.5442475869078833,51.26277215369809
1661,0.6884458717461064,51.26667290951476
1662,0.5157917318429565,51.25132406167733
1663,0.5520804742776617,51.246828868441746
1664,0.43611330920552394,51.23970969356291
1665,0.5817596588503168,51.228866172931546
1666,0.5031247083911831,51.240030959866125
1667,0.6364787296188641,51.19258974007181
1668,0.47820155973527356,51.192833787443384
1669,0.5466962346750183,51.15855859999927
1670,0.19006942085360937,51.40551573008981
1671,0.16750885297431647,51.39882005356487
1672,0.18131289628073516,51.38535970609908
1673,0.33218113936876076,51.35025044030761
1674,0.22572893410039152,51.3753263993698
1675,0.26431865627773776,51.349813022817145
1676,0.16016416197234074,51.32478212540122
1677,0.22082640745635568,51.30832943088647
1678,0.20134251320665156,51.29019035729498
1679,0.15652338613349973,51.27336156184132
1680,0.2169628853129313,51.26005369179044
1681,0.09822877657508709,51.25900332912163
1682,0.06590822576593801,51.19269592903448
1683,0.14794840887408311,51.1816297907159
1684,0.7739586703137608,51.43770251803987
1685,0.7578641549686391,51.43155101876923
1686,0.7930651931466735,51.42940688039084
1687,0.7877071211946816,51.41520773939947
1688,0.7865372773107083,51.390987577732865
1689,0.8795264415133454,51.38980822533272
1690,0.7297433878866895,51.38105891796927
1691,0.6557370362403989,51.36106872846839
1692,0.7007874457291642,51.34441041031022
1693,0.7440559045807184,51.34163342841653
1694,0.7617728154662394,51.34673710883642
1695,0.7189552383783998,51.33743813176068
1696,0.7267602384814165,51.30958058460664
1697,0.8743276324452594,51.31649492105584
1698,0.8993268462954453,51.31071320980559
1699,0.8258784564273502,51.295146334065116
1700,0.9424174255333242,51.29807025221699
1701,0.4844532527314679,51.331603174611395
1702,0.4278957622114507,51.335045763989775
1703,0.4386872181654209,51.308294924387816
1704,0.46761768423319716,51.29030656468326
1705,0.29842068328694027,51.2799435081713
1706,0.3699177971578446,51.262703899334234
1707,0.35108021710311926,51.22066228120741
1708,0.28359408146286663,51.21906580787537
1709,0.24038979969110477,51.220443723640045
1710,0.301871859357169,51.210282547328966
1711,0.27972605068524864,51.19567341674646
1712,0.25603667247590495,51.18645267110952
1713,0.3527142296158773,51.18007547638318
1714,0.24704740681390938,51.15694038570872
1715,0.29547470934216685,51.153068046922954
1716,0.34695626012255115,51.14996446411247
1717,0.28732581691626097,51.14195101684149
1718,0.20344013974966058,51.13399058477611
1719,0.2540865143716212,51.14008299038289
1720,0.26597997254889316,51.13525577984922
1721,0.2957641716726365,51.130202203666165
1722,0.24074289380370825,51.12972041421
1723,0.42674113258764673,51.115525144854956
1724,0.26298099648717943,51.120179768633065
1725,0.5534183252138922,51.11136382399424
1726,0.5491554730744996,51.05119729246112
1727,-0.965423058790829,51.75263763818645
1728,-0.9784624754735506,51.73748568634048
1729,-0.9449593201945691,51.70739090287822
1730,-0.9932712294621303,51.639091857996966
1731,-0.9152040511184464,51.54037959781063
1732,-0.9034172919331781,51.528715835337564
1733,-1.068943360388954,51.52600954566747
1734,-0.9834008993723575,51.544412693663695
1735,-1.0054802839185606,51.499616502938146
1736,-0.36903506889856014,51.40644184756156
1737,-0.35562131951433235,51.396512140452494
1738,-0.37321848451084466,51.398787120431244
1739,-0.39539235940498635,51.395645872469196
1740,-0.33595456030435683,51.390762858852185
1741,-0.31900677987224346,51.382861606844095
1742,-0.4200994270367756,51.385080583450346
1743,-0.39331252691037755,51.38014422074666
1744,-0.34158725920827077,51.37748444530832
1745,-0.40948050999313423,51.37426752463255
1746,-0.43531911399639783,51.37317125010979
1747,-0.45385429325794807,51.37356409689969
1748,-0.37224734258951564,51.363505178444804
1749,-0.4111913652078745,51.36046727466517
1750,-0.3379691479263026,51.35946300118721
1751,-0.452258666902939,51.34790856281475
1752,-0.4283259573517531,51.31532222213827
1753,-0.36390534103684774,51.3301664666086
1754,-0.25176834608945553,51.37495559750915
1755,-0.271277291833598,51.363523157320095
1756,-0.24808369860744642,51.363723562428426
1757,-0.26100523654066393,51.35569235178109
1758,-0.28387874329166357,51.34811146428737
1759,-0.26928233690178727,51.33723884551215
1760,-0.26576451659121725,51.32941609219321
1761,-0.267769854030303,51.31679375635097
1762,-0.48744839602650497,51.28532590440883
1763,-0.6709416203448048,51.276955360602585
1764,-0.42812522396035135,51.264653811380995
1765,-0.7180494543311883,51.268053507120044
1766,-0.6285913199273727,51.25770679941861
1767,-0.5887051923853509,51.258277550867604
1768,-0.5694004280308973,51.2562289601149
1769,-0.5377039535358629,51.257210243463796
1770,-0.5962278843764498,51.25326289214564
1771,-0.7211847720170453,51.25037254901453
1772,-0.5400658899918747,51.24331290583258
1773,-0.6086846199384068,51.24048679011013
1774,-0.567202583649517,51.241678926854505
1775,-0.7216767621486077,51.23554247461166
1776,-0.5870055981610658,51.24097678882668
1777,-0.5605935711522305,51.22774225200563
1778,-0.6516280223890082,51.213591756326046
1779,-0.47018087429495853,51.209023110323166
1780,-0.2914596718771361,51.306587743280865
1781,-0.31437106028881534,51.31827717016448
1782,-0.3392216152670932,51.30958358955274
1783,-0.3133626725958631,51.28856622928361
1784,-0.36054706440018564,51.29394373344671
1785,-0.38289463241465527,51.28763857028103
1786,-0.3718011902949766,51.26783755604862
1787,-0.2761502263284703,51.24548779625102
1788,-0.3271821567496572,51.25696157675497
1789,-0.3254514916046383,51.22764314825467
1790,-0.32239700258373716,51.202829708180516
1791,-0.3718315866573324,51.17778999522148
1792,-0.26160655361555474,51.17441440614306
1793,-0.22029606735386514,51.32452452698859
1794,-0.19831556997279978,51.32675327202753
1795,-0.2281365170263235,51.31096388831365
1796,-0.16805932234353255,51.29856472043369
1797,-0.23593419731693102,51.302821810237596
1798,-0.2449214040215552,51.2797971650756
1799,-0.20599297690018645,51.28556416450199
1800,-0.1404127421992255,51.259930252327294
1801,-0.19048839856138103,51.25376626593093
1802,-0.1756883271860156,51.244720014814746
1803,-0.15775159963644456,51.242743029442366
1804,-0.19590849718653905,51.23584740803178
1805,-0.2037405469564832,51.226147722311914
1806,-0.16534351057778107,51.21830338052845
1807,-0.19440117143137273,51.19930405703662
1808,-0.1779119832078045,51.18122633611372
1809,-0.145838436277095,51.175221688741466
1810,-0.16359802100620302,51.169759365095544
1811,-0.547164943856347,51.433916955025715
1812,-0.5781171493665559,51.43148200304062
1813,-0.5320029970859114,51.42527617279491
1814,-0.5178676533535805,51.40507806769375
1815,-0.5829166812478759,51.40256609068772
1816,-0.4952483701167866,51.3866265350448
1817,-0.4914841714278486,51.377538488037985
1818,-0.5479538990433266,51.37380818962619
1819,-0.5101829103962471,51.35939702974156
1820,-0.5006641035087986,51.348447236396666
1821,-0.49614506165748773,51.4532996368
1822,-0.4669868110509702,51.44865462859635
1823,-0.4731014679272711,51.43590082163511
1824,-0.5119746963939357,51.43594305742164
1825,-0.4546141980557204,51.43074403020439
1826,-0.4379862994265874,51.4229948050859
1827,-0.4840517756097643,51.422687061689956
1828,-0.4209089685039016,51.42404119810574
1829,-0.5010625091265317,51.42082617613439
1830,-0.4034218855468916,51.41473025962309
1831,-0.4284458444262851,51.40553499408754
1832,-0.4667553948205761,51.40920480553775
1833,-0.4514744461417439,51.39104784342744
1834,-0.6157965085586858,51.36336235391703
1835,-0.6994996533959619,51.36269616742218
1836,-0.6778218827890006,51.34902551312059
1837,-0.7348282583798417,51.35007777543899
1838,-0.7321379313224866,51.33409406993719
1839,-0.6568115579562304,51.33200792012923
1840,-0.704510102914794,51.328358114139185
1841,-0.7559102091459301,51.32882520388196
1842,-0.7200272138791863,51.33048434297076
1843,-0.7303350452294942,51.316209709770185
1844,-0.7307588330284569,51.30552442026747
1845,-0.7272101977575841,51.28837729812532
1846,-0.07148238820303797,51.306606989794915
1847,-0.09597505093227625,51.29356913367854
1848,-0.056911386040713594,51.28072865714591
1849,-0.11860360152442052,51.27887745093891
1850,0.00458870305745937,51.26251152079516
1851,-0.0015029454065484085,51.233002042919296
1852,-0.11065376896878779,51.245872131065624
1853,-0.05669687826315308,51.22147357259579
1854,0.005038955628832942,51.17481879889068
1855,-0.08856524152748961,51.169146122175185
1856,-0.7704401636757787,51.228734365969075
1857,-0.8043853806367669,51.23271981323111
1858,-0.816007973437157,51.214881123394235
1859,-0.7734121917110154,51.204688597016954
1860,-0.6034427775903726,51.19964647173065
1861,-0.8017587127575354,51.200632413317464
1862,-0.6162694307013515,51.192966271703014
1863,-0.5232104770014513,51.180422637668954
1864,-0.8179965472787787,51.18995181102287
1865,-0.6188185691204835,51.17641951144758
1866,-0.6886465037615179,51.17700292979307
1867,-0.6375957651454012,51.14513155138995
1868,-0.48738519312459244,51.13775122844487
1869,-0.5512883113753416,51.106816571769585
1870,-0.7039023216726276,51.09161656909168
1871,-0.7408647815339306,51.09714733877856
1872,-0.47532664268876473,51.336648765509956
1873,-0.5076417533131021,51.33263413943703
1874,-0.5635557546742063,51.334738370641546
1875,-0.5353710284745758,51.32907762151017
1876,-0.5922742982919766,51.32047459641735
1877,-0.5364118203843343,51.31514710752566
1878,-0.6134259341843685,51.323391517501946
1879,-0.5663603020292266,51.31701494817487
1880,-0.59990755048024,51.3086950317807
1881,-0.5782627055950496,51.30777808230724
1882,-0.5434612463275593,51.30364360954107
1883,-0.5910559464166069,51.29120868064699
1884,-0.6958206050972084,51.05377102729087
1885,-0.5387167588818593,51.04558379841607
1886,-0.8326089994301218,50.99583624978454
1887,-0.7400512647028399,50.97023846692376
1888,-0.6263273411210998,50.973059059384006
1889,-0.19474327260760424,51.14666525563945
1890,-0.14877380365672246,51.141085719130295
1891,-0.20439140459894797,51.12163373096272
1892,-0.1762970000891091,51.128757030553516
1893,-0.16101633103201154,51.123408072061764
1894,-0.216465976136803,51.11366573349628
1895,-0.1961426146533226,51.1100037315847
1896,-0.14784569959466468,51.10910110897533
1897,-0.16634600347715833,51.103175729778435
1898,-0.225946408651321,51.10477013793791
1899,-0.18398095792640348,51.09688671373943
1900,-0.21234550134175276,51.09962414659064
1901,-0.20218559308025624,51.09377473785307
1902,-0.25960882902646754,51.098965547341166
1903,-0.31078717916411,51.09279640517684
1904,-0.3548419545276816,51.09670195597881
1905,-0.3079431520688251,51.07013553719936
1906,-0.4269959615655318,51.07740346333577
1907,-0.32561335188367063,51.06634186403295
1908,-0.35497125382889094,51.06083714598902
1909,-0.2945182611929826,51.035823558092865
1910,-0.34892014948537065,51.02751766311801
1911,-0.3811173168656297,50.98323526918855
1912,-0.29770992560738785,50.97598963933481
1913,-0.4694353115497549,50.96966733362372
1914,-0.0034463858579802933,51.12460262589471
1915,-0.11928005328681544,51.109537078306914
1916,0.013983470229504752,51.12197808808846
1917,-0.031728735386241026,51.11394481181134
1918,-0.07646743953370792,51.122645128166575
1919,-0.05678954481379511,51.04442764435996
1920,-0.17292358422605147,51.04299065758842
1921,-0.09157861934847508,51.012180102922514
1922,-0.10957305536802202,50.99935455356217
1923,-0.09129976247993071,50.99989963453809
1924,-0.14132581371467084,50.99193783052782
1925,-0.14911159334290353,50.9558194048099
1926,-0.11610416438414,50.959505917340024
1927,-0.1358904743630391,50.95957030878589
1928,-0.12954848195363428,50.94599061523372
1929,-0.19781339996782218,50.93068222686109
1930,-0.1441230137603174,50.92552783450297
1931,0.025014131179482636,51.42384507135089
1932,0.010783783015826323,51.42782351504767
1933,-0.0042893422061541465,51.42211688416741
1934,0.09920485453073466,51.469847576435896
1935,0.10166053399951594,51.47956073973494
1936,-0.040409673567800224,51.39922738393961
1937,-0.05716806540797616,51.393898433780855
1938,0.04763402776892315,51.32140139727583
1939,-0.0030834287304731256,51.30103556293076
1940,-0.26954027569454775,51.49707254269443
1941,-0.2706363233272257,51.49123443391613
1942,-0.07618597999144934,51.612043596458456
1943,-0.0691511932225365,51.60413206710769
1944,-0.3755174280505318,51.572243368360404
1945,-0.38774936135041943,51.55779204937072
1946,-0.03174042147129087,51.47807974315739
1947,0.12712135064859253,51.56085498305213
1948,0.1107028453592439,51.56163880868138
1949,-0.11398008746757954,51.501427855103316
1950,-0.10465890408275233,51.498057457683274
1951,-0.6620243133072581,51.645752248576485
1952,-0.7105848084592369,51.65214370117438
1953,0.2972126339327431,51.36333903171713
1954,0.37831978029488983,51.30730926385804
1955,-0.21113229949877177,51.34282555858846
1956,-0.23756640992669,51.34479142056529
1957,-0.8242370840140497,51.117137335199644
1958,-0.7709686931524388,51.158568267701575
1959,-0.021913159981202846,51.49660326893475
1960,-0.021466700092937024,51.504213310069765
1961,0.2951033949462646,51.485902743160366
1962,-0.31368087939937117,51.59063787194755
1963,-0.05142943894291766,51.564942583315364
1964,-0.06047866705788951,51.56556990368134
1965,0.9332598634913487,51.904887823098875
1966,0.059170196025841414,51.57069483918934
1967,0.05211704663482847,51.58505641429663
1968,0.30585388643700895,51.494471579787586
1969,0.02365237904297318,51.45809199672585
1970,-0.015568005367507184,51.479504222631135
1971,0.011599012518311093,51.4934042321269
1972,0.017701781027019275,51.48717059850812
1973,-0.005345227899934492,51.47633913166772
